text,specialist,type
Seene ke bich mein bhaari-pan sa mehsoos hota hai jab tez chalta hoon.,Cardiologist (Heart),Original
"Achanak dil bahut zor se dhadakne lagta hai, phir apne aap theek ho jata hai.",Cardiologist (Heart),Original
Left arm mein ajeeb sa dard hota hai jo chest se shuru hota hai.,Cardiologist (Heart),Original
Sidhi seedhi chadhte hi saans phoolne lagti hai aur chest tight lagta hai.,Cardiologist (Heart),Original
Raat ko sote waqt achanak ghabrahat ho jaati hai aur dil tez chalta hai.,Cardiologist (Heart),Original
"Doctor ne bataya BP bahut high hai, sar bhi bhaari rehta hai.",Cardiologist (Heart),Original
Thodi si mehnat karte hi thakaan aur chest mein jakadan feel hoti hai.,Cardiologist (Heart),Original
"Ankle aur pairon mein soojan aa gayi hai, saans bhi phool jaati hai lete waqt.",Cardiologist (Heart),Original
"Cholesterol report mein sab values high aayi hain, koi symptom nahi tha pehle.",Cardiologist (Heart),Original
"Chest mein jalan si hoti hai jo lagta hai gas nahi hai, kuch aur hai.",Cardiologist (Heart),Original
"Palpitations hoti hain, jaise dil ek beat miss kar deta hai.",Cardiologist (Heart),Original
"Family mein heart disease history hai, mujhe bhi checkup karana hai.",Cardiologist (Heart),Original
Chalte chalte pairo mein dard hota hai jo rukne se turant theek ho jata hai.,Cardiologist (Heart),Original
"Bahut pasina aa raha tha aur chest mein bhari darad, ghabra gaya tha.",Cardiologist (Heart),Original
dil ka doctor chahiye,Cardiologist (Heart),Specialist Term
heart specialist se milna hai,Cardiologist (Heart),Specialist Term
cardiac doctor ko dikhana hai,Cardiologist (Heart),Specialist Term
dil ki bimari ka daktar,Cardiologist (Heart),Specialist Term
heart checkup karwana hai,Cardiologist (Heart),Specialist Term
seene mein dard,Cardiologist (Heart),Keyword Phrase
chest pain,Cardiologist (Heart),Keyword Phrase
dil ki dhadkan tez,Cardiologist (Heart),Keyword Phrase
heart attack jaisa,Cardiologist (Heart),Keyword Phrase
saans phoolna,Cardiologist (Heart),Keyword Phrase
BP high,Cardiologist (Heart),Keyword Phrase
cholesterol zyada,Cardiologist (Heart),Keyword Phrase
dil ghabrana,Cardiologist (Heart),Keyword Phrase
Poore body par laal daane nikal aaye hain jinme bahut khujli hoti hai.,Dermatologist (Skin),Original
"Face par acne aur pimples bahut badh gaye hain, marks bhi reh jaate hain.",Dermatologist (Skin),Original
Skin bahut dry ho gayi hai aur jagah jagah patches pad gaye hain.,Dermatologist (Skin),Original
"Baal bahut zyada jhad rahe hain, kanghi karte waqt mutthi bhar aa jaate hain.",Dermatologist (Skin),Original
Kisi cream ya soap se skin par turant rash ho jata hai.,Dermatologist (Skin),Original
Naakhoon ka colour yellow ho gaya hai aur mota bhi ho gaya hai.,Dermatologist (Skin),Original
"Ghutno aur cheston par gol gol chakatte ban gaye hain, khujli bhi hoti hai.",Dermatologist (Skin),Original
"Underarms aur groin mein fungal infection jaisa lag raha hai, bahut khujli.",Dermatologist (Skin),Original
Achanak poore chehre par sujan aa gayi allergy se lagta hai.,Dermatologist (Skin),Original
Skin par white patches ban rahe hain jo dheere dheere fail rahe hain.,Dermatologist (Skin),Original
Bohot zyada pasina aata hai aur usse skin mein irritation ho jaati hai.,Dermatologist (Skin),Original
Muhaso ke baad skin par gehre daag reh jaate hain jo jaate nahi.,Dermatologist (Skin),Original
skin specialist chahiye,Dermatologist (Skin),Specialist Term
twacha rog ka doctor,Dermatologist (Skin),Specialist Term
dermatologist ko dikhana hai,Dermatologist (Skin),Specialist Term
skin ka daktar,Dermatologist (Skin),Specialist Term
skin par khujli,Dermatologist (Skin),Keyword Phrase
daane nikal aaye,Dermatologist (Skin),Keyword Phrase
rashes,Dermatologist (Skin),Keyword Phrase
baal jhad rahe hain,Dermatologist (Skin),Keyword Phrase
skin allergy,Dermatologist (Skin),Keyword Phrase
daag dhabbe,Dermatologist (Skin),Keyword Phrase
acne,Dermatologist (Skin),Keyword Phrase
fungal infection,Dermatologist (Skin),Keyword Phrase
"Do din se halka halka bukhar aa raha hai, sath mein badan dard bhi hai.",General Physician,Original
"Sardi, khansi aur zukam ho gaya hai, gale mein bhi kharash hai.",General Physician,Original
Bahut kamzori aur thakaan mehsoos ho rahi hai bina kisi wajah ke.,General Physician,Original
Poora din chakkar aa rahe hain aur kuch khaane ka mann nahi karta.,General Physician,Original
Mausam badalte hi mujhe hamesha bukhar aur badan dard ho jata hai.,General Physician,Original
"General checkup karana hai, kaafi dino se theek nahi feel ho raha.",General Physician,Original
"Halka fever ke saath thodi si khansi bhi hai, do din se hai.",General Physician,Original
"Bas overall weakness hai, koi specific dard nahi hai kahin.",General Physician,Original
"Ghar mein sabko sardi zukam ho raha hai, mujhe bhi shuru ho gaya.",General Physician,Original
Thoda sa bukhar hai aur bhookh bhi nahi lag rahi.,General Physician,Original
general physician chahiye,General Physician,Specialist Term
family doctor ko dikhana hai,General Physician,Specialist Term
normal doctor se checkup karana hai,General Physician,Specialist Term
MBBS doctor chahiye,General Physician,Specialist Term
bukhar,General Physician,Keyword Phrase
fever,General Physician,Keyword Phrase
sardi zukam,General Physician,Keyword Phrase
weakness,General Physician,Keyword Phrase
body pain,General Physician,Keyword Phrase
thakaan,General Physician,Keyword Phrase
ulti dast,General Physician,Keyword Phrase
flu jaisa,General Physician,Keyword Phrase
"Mere bacche ko do din se tez bukhar aa raha hai, khana bhi nahi kha raha.",Paediatrician,Original
6 mahine ke baby ko baar baar ulti ho rahi hai feed ke baad.,Paediatrician,Original
Bachhe ka weight pichle kai mahino se badh hi nahi raha.,Paediatrician,Original
Toddler ko raat ko neend nahi aati aur bahut rota rehta hai.,Paediatrician,Original
"Bachhe ke gale mein infection lag gaya lagta hai, dood peene se mana kar raha.",Paediatrician,Original
"Newborn ki skin peeli lag rahi hai, doctor ko dikhana zaroori hai kya.",Paediatrician,Original
Bachhe ko vaccination ka schedule follow karna hai agla wala.,Paediatrician,Original
Meri beti ko school mein baar baar pet dard hota hai subah ke time.,Paediatrician,Original
Bacha bahut zyada rota hai aur pet fulaa hua lagta hai.,Paediatrician,Original
Bachhe ko khansi ke saath ghrr ghrr ki awaaz aati hai saans lete waqt.,Paediatrician,Original
child specialist chahiye,Paediatrician,Specialist Term
bachho ka doctor dikhana hai,Paediatrician,Specialist Term
paediatrician se appointment chahiye,Paediatrician,Specialist Term
baby doctor ko dikhana hai,Paediatrician,Specialist Term
bacche ko bukhar,Paediatrician,Keyword Phrase
baby ko ulti,Paediatrician,Keyword Phrase
bachhe ka weight nahi badh raha,Paediatrician,Keyword Phrase
infant ko rashes,Paediatrician,Keyword Phrase
bachhe ko khansi,Paediatrician,Keyword Phrase
"Aajkal mann bahut udaas rehta hai, kisi kaam mein mann nahi lagta.",Psychiatrist,Original
"Raaton ko neend hi nahi aati, dimaag mein bohot vichar chalte rehte hain.",Psychiatrist,Original
"Bahut zyada ghabrahat hoti hai bina kisi wajah ke, dil tez chalne lagta hai achanak.",Psychiatrist,Original
"Kisi se baat karne ka mann nahi karta, akela rehna acha lagta hai.",Psychiatrist,Original
Chhoti chhoti baaton par bahut gussa aa jata hai aajkal.,Psychiatrist,Original
Bhookh bilkul nahi lagti aur weight bhi kam ho gaya hai stress se.,Psychiatrist,Original
Mind mein baar baar wahi negative khayal ghoomte rehte hain.,Psychiatrist,Original
Office ke stress ki wajah se panic attacks aane lage hain.,Psychiatrist,Original
"Kabhi bahut high energy feel hoti hai, kabhi ekdum down ho jaata hoon.",Psychiatrist,Original
"Kisi cheez mein interest nahi bacha, hamesha thaka thaka lagta hai mentally.",Psychiatrist,Original
mental health doctor chahiye,Psychiatrist,Specialist Term
psychiatrist se milna hai,Psychiatrist,Specialist Term
dimaagi doctor,Psychiatrist,Specialist Term
counselor ya therapist chahiye,Psychiatrist,Specialist Term
mansik rog ka doctor,Psychiatrist,Specialist Term
mood off rehta hai,Psychiatrist,Keyword Phrase
neend nahi aati,Psychiatrist,Keyword Phrase
anxiety,Psychiatrist,Keyword Phrase
akela mehsoos hota hai,Psychiatrist,Keyword Phrase
negative thoughts,Psychiatrist,Keyword Phrase
depression jaisa lagta hai,Psychiatrist,Keyword Phrase
"Bahut tez sar dard hota hai, aankho ke aage roshni dikhti hai pehle.",Neurologist,Original
Achanak haath ya pair sunn ho jata hai kuch der ke liye.,Neurologist,Original
Chalte chalte achanak chakkar aa gaya aur balance bigad gaya.,Neurologist,Original
"Yaadasht kamzor hoti ja rahi hai, chhoti baatein bhool jaate hain.",Neurologist,Original
Ek baar achanak behosh ho gaye the aur body akad gayi thi.,Neurologist,Original
Haath kaanpte hain jab kuch pakadne ki koshish karta hoon.,Neurologist,Original
Face ka ek side thoda tedha lag raha hai achanak se.,Neurologist,Original
"Migraine ka dard hafte mein 2-3 baar ho jata hai, ulti bhi hoti hai saath.",Neurologist,Original
"Neend mein achanak jhatke se uth jata hoon, poora badan kaanpta hai.",Neurologist,Original
"Bolne mein ladkhadahat ho rahi hai achanak se, pehle theek tha.",Neurologist,Original
neurologist ko dikhana hai,Neurologist,Specialist Term
dimaag aur nervous system ka doctor,Neurologist,Specialist Term
brain specialist chahiye,Neurologist,Specialist Term
sar mein tez dard,Neurologist,Keyword Phrase
migraine,Neurologist,Keyword Phrase
chakkar aana,Neurologist,Keyword Phrase
haath pair sunn,Neurologist,Keyword Phrase
seizure,Neurologist,Keyword Phrase
yaadasht kamzor,Neurologist,Keyword Phrase
Pet mein bahut dard hota hai khane ke turant baad.,Gastroenterologist,Original
Khatte dakaar aate hain aur seene mein jalan hoti hai roz.,Gastroenterologist,Original
"Kai din se pet saaf nahi ho raha, bahut takleef hoti hai.",Gastroenterologist,Original
"Loose motions lag gaye hain do din se, pet mein murmurahat bhi hai.",Gastroenterologist,Original
"Khana khate hi pet fool jaata hai, gas bahut banti hai.",Gastroenterologist,Original
"Stool mein kabhi kabhi blood dikh raha hai, dar lag raha hai.",Gastroenterologist,Original
"Bina kisi wajah ke pichle mahine se weight kam ho raha hai, bhookh bhi kam hai.",Gastroenterologist,Original
Pet ke upar wale hisse mein jalan si rehti hai khaali pet.,Gastroenterologist,Original
Bahut zyada belching hoti hai aur pet bhara bhara lagta hai hardam.,Gastroenterologist,Original
Rat ko sote waqt khatta pani gale tak aa jata hai.,Gastroenterologist,Original
pet ka doctor chahiye,Gastroenterologist,Specialist Term
gastro doctor ko dikhana hai,Gastroenterologist,Specialist Term
stomach specialist se milna hai,Gastroenterologist,Specialist Term
pet mein dard,Gastroenterologist,Keyword Phrase
acidity,Gastroenterologist,Keyword Phrase
gas bharna,Gastroenterologist,Keyword Phrase
loose motion,Gastroenterologist,Keyword Phrase
constipation,Gastroenterologist,Keyword Phrase
khatta dakaar,Gastroenterologist,Keyword Phrase
"Ghutno mein uthte baithte bahut dard hota hai, seedhi chadhna mushkil hai.",Orthopaedic Surgeon (Bone),Original
"Kamar mein bahut dard hai, jhukne mein bhi dikkat hoti hai.",Orthopaedic Surgeon (Bone),Original
"Girne ke baad haath mein bahut dard hai, lagta hai fracture ho gaya hai.",Orthopaedic Surgeon (Bone),Original
"Kandhe ko upar uthane mein dard hota hai, raat ko bhi so nahi paata.",Orthopaedic Surgeon (Bone),Original
"Subah uthte hi joints akde hue lagte hain, dheere dheere theek hota hai.",Orthopaedic Surgeon (Bone),Original
Ghutno se chatak chatak ki awaaz aati hai chalte waqt.,Orthopaedic Surgeon (Bone),Original
"Gardan mudne mein dard hota hai, kaafi din se hai ye problem.",Orthopaedic Surgeon (Bone),Original
"Ankle mudh gaya khelte waqt, sujan bhi aa gayi hai turant.",Orthopaedic Surgeon (Bone),Original
Kaafi der khade rehne se ediyon mein bahut dard hone lagta hai.,Orthopaedic Surgeon (Bone),Original
Peeth ke nichle hisse mein dard hai jo pair tak jata hai kabhi kabhi.,Orthopaedic Surgeon (Bone),Original
haddi ka doctor chahiye,Orthopaedic Surgeon (Bone),Specialist Term
bone specialist ko dikhana hai,Orthopaedic Surgeon (Bone),Specialist Term
orthopaedic surgeon se milna hai,Orthopaedic Surgeon (Bone),Specialist Term
joint ka doctor,Orthopaedic Surgeon (Bone),Specialist Term
ghutno mein dard,Orthopaedic Surgeon (Bone),Keyword Phrase
kamar dard,Orthopaedic Surgeon (Bone),Keyword Phrase
joint pain,Orthopaedic Surgeon (Bone),Keyword Phrase
haddi mein chot,Orthopaedic Surgeon (Bone),Keyword Phrase
fracture,Orthopaedic Surgeon (Bone),Keyword Phrase
peeth dard,Orthopaedic Surgeon (Bone),Keyword Phrase
Aankhon mein bahut jalan hoti hai screen dekhte dekhte.,Ophthalmologist (Eye),Original
Door ki cheezein dheere dheere dhundli dikhne lagi hain.,Ophthalmologist (Eye),Original
Aankh achanak laal ho gayi hai aur usme se pani aa raha hai.,Ophthalmologist (Eye),Original
Raat ko gaadi chalate waqt saamne se aane wali lights se aankhein chundh jaati hain.,Ophthalmologist (Eye),Original
Aankhon mein bahut khujli hoti hai aur kabhi kabhi sujan bhi aa jaati hai.,Ophthalmologist (Eye),Original
Kisi cheez ko paas se dekhne mein bhi dikkat ho rahi hai aajkal.,Ophthalmologist (Eye),Original
"Aankh mein kuch chubhta hua sa lagta hai, dekhne mein kirkiri jaisi feel hoti hai.",Ophthalmologist (Eye),Original
"Chashma ka number badalna hai shayad, dikhna kam ho gaya hai.",Ophthalmologist (Eye),Original
Aankho ke saamne kabhi kabhi kaale dhabbe se tair jaate hain.,Ophthalmologist (Eye),Original
"Subah uthte hi aankhein chipak jaati hain, pili sa discharge bhi hota hai.",Ophthalmologist (Eye),Original
eye specialist chahiye,Ophthalmologist (Eye),Specialist Term
aankho ka doctor dikhana hai,Ophthalmologist (Eye),Specialist Term
ophthalmologist se milna hai,Ophthalmologist (Eye),Specialist Term
chashme wala doctor,Ophthalmologist (Eye),Specialist Term
aankhon mein jalan,Ophthalmologist (Eye),Keyword Phrase
dhundla dikhna,Ophthalmologist (Eye),Keyword Phrase
aankh laal,Ophthalmologist (Eye),Keyword Phrase
aankhon mein khujli,Ophthalmologist (Eye),Keyword Phrase
chashma,Ophthalmologist (Eye),Keyword Phrase
aankho se pani,Ophthalmologist (Eye),Keyword Phrase
Gale mein bahut kharash hai aur nigalte waqt dard hota hai.,ENT Specialist,Original
Kaan mein dard ho raha hai aur sunai bhi kam de raha hai.,ENT Specialist,Original
"Naak hamesha band rehti hai, saans lene mein dikkat hoti hai.",ENT Specialist,Original
"Awaaz baith gayi hai kai dino se, bolne mein museebat ho rahi hai.",ENT Specialist,Original
"Kaan mein se ajeeb si awaaz aati rehti hai, ghanti jaisi.",ENT Specialist,Original
"Baar baar sinus ka dard hota hai, matha bhi bhaari rehta hai.",ENT Specialist,Original
Gale mein kuch atka hua sa feel hota hai hardam.,ENT Specialist,Original
"Naak se khoon aa gaya tha achanak, koi chot nahi lagi thi.",ENT Specialist,Original
"Tonsils bahut soojh gaye hain, khana nigalna mushkil ho raha hai.",ENT Specialist,Original
"Kaan mein khujli aur halka dard rehta hai, paani gaya tha shayad.",ENT Specialist,Original
ENT doctor chahiye,ENT Specialist,Specialist Term
gala kaan naak ka doctor,ENT Specialist,Specialist Term
throat specialist ko dikhana hai,ENT Specialist,Specialist Term
gale mein kharash,ENT Specialist,Keyword Phrase
kaan mein dard,ENT Specialist,Keyword Phrase
naak band,ENT Specialist,Keyword Phrase
awaaz baithna,ENT Specialist,Keyword Phrase
sinus,ENT Specialist,Keyword Phrase
gale mein kuch atka,ENT Specialist,Keyword Phrase
"Sugar level check karvaya to bahut high aaya, pehle kabhi nahi tha.",Endocrinologist (Hormones/Diabetes),Original
Baar baar pyaas lagti hai aur baar baar washroom bhi jaana padta hai.,Endocrinologist (Hormones/Diabetes),Original
Bina kuch kiye weight bahut badh gaya hai pichle kuch mahino mein.,Endocrinologist (Hormones/Diabetes),Original
"Thyroid ki problem hai shayad, gale mein sujan bhi lagti hai halki.",Endocrinologist (Hormones/Diabetes),Original
"Bahut thakaan rehti hai aur mood bhi low rehta hai, periods bhi irregular hain.",Endocrinologist (Hormones/Diabetes),Original
"Haath pair mein jhanjhanahat rehti hai, doctor ne sugar check karne bola.",Endocrinologist (Hormones/Diabetes),Original
"Achanak bahut zyada bhookh lagne lagi hai, weight kam ho raha hai phir bhi.",Endocrinologist (Hormones/Diabetes),Original
"Family mein diabetes hai, mujhe bhi apna sugar check karana hai.",Endocrinologist (Hormones/Diabetes),Original
"Weight loss ke saath saath dil bhi tez dhadakta hai, garmi bhi zyada lagti hai.",Endocrinologist (Hormones/Diabetes),Original
hormone specialist chahiye,Endocrinologist (Hormones/Diabetes),Specialist Term
sugar ka doctor dikhana hai,Endocrinologist (Hormones/Diabetes),Specialist Term
diabetes specialist se milna hai,Endocrinologist (Hormones/Diabetes),Specialist Term
thyroid doctor chahiye,Endocrinologist (Hormones/Diabetes),Specialist Term
sugar high,Endocrinologist (Hormones/Diabetes),Keyword Phrase
diabetes,Endocrinologist (Hormones/Diabetes),Keyword Phrase
thyroid,Endocrinologist (Hormones/Diabetes),Keyword Phrase
weight badhna ghatna,Endocrinologist (Hormones/Diabetes),Keyword Phrase
hormone imbalance,Endocrinologist (Hormones/Diabetes),Keyword Phrase
baar baar pyaas lagna,Endocrinologist (Hormones/Diabetes),Keyword Phrase
Periods bahut irregular ho gaye hain pichle kai mahino se.,Gynaecologist,Original
"Pregnancy confirm karani hai, periods miss ho gaye hain.",Gynaecologist,Original
Pet ke niche wale hisse mein periods ke doraan bahut dard hota hai.,Gynaecologist,Original
"White discharge zyada ho raha hai, thoda irritation bhi hai.",Gynaecologist,Original
"PCOD ka doubt hai, weight bhi badh raha hai aur periods bhi skip hote hain.",Gynaecologist,Original
"Pregnancy ke doraan checkup karana hai regular, 5th month chal raha hai.",Gynaecologist,Original
"Bahut heavy bleeding hoti hai periods ke time, pehle aisa nahi tha.",Gynaecologist,Original
Menopause ke baad se hot flashes aur mood swings ho rahe hain.,Gynaecologist,Original
"Breast mein ek gaanth si mehsoos hui hai, dar lag raha hai.",Gynaecologist,Original
lady doctor chahiye,Gynaecologist,Specialist Term
gynaecologist se milna hai,Gynaecologist,Specialist Term
mahila rog vishesagya,Gynaecologist,Specialist Term
obstetrician ko dikhana hai,Gynaecologist,Specialist Term
periods irregular,Gynaecologist,Keyword Phrase
pregnancy checkup,Gynaecologist,Keyword Phrase
pet ke niche dard,Gynaecologist,Keyword Phrase
white discharge,Gynaecologist,Keyword Phrase
PCOD,Gynaecologist,Keyword Phrase
menstrual cramps,Gynaecologist,Keyword Phrase
"Pet ke niche ek gaanth ban gayi hai jo khaansne par bahar aati hai, hernia lagta hai.",General Surgeon,Original
"Achanak pet ke right side mein bahut tez dard hua, appendix ho sakta hai.",General Surgeon,Original
"Gallbladder mein stone hai, doctor ne operation ki salah di hai.",General Surgeon,Original
Skin ke neeche ek gaanth hai jo dheere dheere badh rahi hai.,General Surgeon,Original
"Deep cut lag gaya hai, stitches lagane padenge shayad.",General Surgeon,Original
"Piles ki problem hai kaafi time se, ab operation ki zaroorat bata rahe hain.",General Surgeon,Original
Body mein kahin bhi lump feel ho raha hai jo pehle nahi tha.,General Surgeon,Original
Operation ke baad follow-up checkup karana hai ghaav dekhne ke liye.,General Surgeon,Original
operation wale doctor se milna hai,General Surgeon,Specialist Term
general surgery specialist ko dikhana hai,General Surgeon,Specialist Term
general surgeon ko dikhana hai,General Surgeon,Specialist Term
operation karana hai,General Surgeon,Keyword Phrase
hernia,General Surgeon,Keyword Phrase
gaanth,General Surgeon,Keyword Phrase
appendix,General Surgeon,Keyword Phrase
chot gehri hai,General Surgeon,Keyword Phrase
"Kaafi hafton se khansi lagatar bani hui hai, jaati hi nahi.",Pulmonologist (Chest/Lungs),Original
"Saans lene mein bahut dikkat hoti hai, seeti jaisi awaaz bhi aati hai.",Pulmonologist (Chest/Lungs),Original
"Asthma ka attack aane wala lagta hai, chest tight ho gaya hai.",Pulmonologist (Chest/Lungs),Original
Khansi ke saath khoon bhi aa raha hai thoda thoda.,Pulmonologist (Chest/Lungs),Original
Raat ko sote waqt saans phool jaati hai achanak.,Pulmonologist (Chest/Lungs),Original
"Chest mein bahut congestion feel hota hai, balgam nikal nahi raha.",Pulmonologist (Chest/Lungs),Original
Thodi si mehnat mein hi saans phool jaati hai kaafi dino se.,Pulmonologist (Chest/Lungs),Original
"TB ka doubt hai, weight bhi kam ho raha hai aur raat ko paseena aata hai.",Pulmonologist (Chest/Lungs),Original
chest specialist chahiye,Pulmonologist (Chest/Lungs),Specialist Term
lungs ka doctor dikhana hai,Pulmonologist (Chest/Lungs),Specialist Term
pulmonologist se milna hai,Pulmonologist (Chest/Lungs),Specialist Term
saans ka doctor,Pulmonologist (Chest/Lungs),Specialist Term
saans lene mein dikkat,Pulmonologist (Chest/Lungs),Keyword Phrase
khansi lagatar,Pulmonologist (Chest/Lungs),Keyword Phrase
asthma,Pulmonologist (Chest/Lungs),Keyword Phrase
chest congestion,Pulmonologist (Chest/Lungs),Keyword Phrase
wheezing,Pulmonologist (Chest/Lungs),Keyword Phrase
TB ka doubt,Pulmonologist (Chest/Lungs),Keyword Phrase
Peshaab karte waqt bahut jalan hoti hai kai dino se.,Urologist,Original
"Peshaab mein khoon dikha aaj, dar lag raha hai.",Urologist,Original
"Baar baar peshaab jaana padta hai, raat ko bhi kai baar uthna padta hai.",Urologist,Original
"Kamar ke ek side mein achanak bahut tez dard hua, kidney stone lagta hai.",Urologist,Original
Peshaab ruk ruk kar aata hai aur poora khali bhi nahi hota lagta.,Urologist,Original
"Prostate badh gaya hai lagta hai, peshaab ka flow kamzor ho gaya hai.",Urologist,Original
Peshaab mein badbu aur jhaag zyada aa raha hai aajkal.,Urologist,Original
urologist ko dikhana hai,Urologist,Specialist Term
kidney aur peshaab ka doctor,Urologist,Specialist Term
prostate specialist chahiye,Urologist,Specialist Term
peshaab mein jalan,Urologist,Keyword Phrase
kidney stone,Urologist,Keyword Phrase
peshaab baar baar,Urologist,Keyword Phrase
prostate,Urologist,Keyword Phrase
peshaab mein khoon,Urologist,Keyword Phrase
Operation se pehle anesthesia ke baare mein doctor se baat karni hai.,Anaesthesiologist,Original
"Pichli baar anesthesia se ulti hui thi, is baar precaution leni hai.",Anaesthesiologist,Original
Surgery ke doraan behosh karne wale doctor se milna hai pehle.,Anaesthesiologist,Original
"Anesthesia ka asar utarne mein bahut time lagta hai mujhe, batana hai unko.",Anaesthesiologist,Original
"Delivery ke liye epidural lena hai ya nahi, samajh nahi aa raha.",Anaesthesiologist,Original
"Kamar mein spinal anesthesia dena hai operation ke liye, doubts hain kuch.",Anaesthesiologist,Original
Anesthesia se allergy hai kya check karna hai operation se pehle.,Anaesthesiologist,Original
Local anesthesia mein hi chhota operation ho sakta hai kya poochna hai.,Anaesthesiologist,Original
Pain management ke liye anesthesia specialist se consultation chahiye.,Anaesthesiologist,Original
"General anesthesia diya jayega ya sirf sunn karenge, ye janna hai operation se pehle.",Anaesthesiologist,Original
"Meri maa ko heart ki problem hai, unhe anesthesia dena safe hoga kya operation mein.",Anaesthesiologist,Original
"Bache ko chhote operation ke liye anesthesia denge, kitna risk hota hai puchna hai.",Anaesthesiologist,Original
Anesthesia lene ke kitne ghante pehle khana peena band karna hai.,Anaesthesiologist,Original
"Operation ke baad dard kam karne ke liye kaunsi anesthesia use hogi, discuss karna hai.",Anaesthesiologist,Original
"Pichli surgery mein anesthesia se saans lene mein dikkat hui thi, is baar dar lag raha hai.",Anaesthesiologist,Original
anesthesia doctor se milna hai,Anaesthesiologist,Specialist Term
anaesthesiologist ko dikhana hai,Anaesthesiologist,Specialist Term
behoshi wale doctor se baat karni hai,Anaesthesiologist,Specialist Term
pain management specialist chahiye,Anaesthesiologist,Specialist Term
operation se pehle anesthesia consult chahiye,Anaesthesiologist,Specialist Term
anesthesia,Anaesthesiologist,Keyword Phrase
operation se pehle,Anaesthesiologist,Keyword Phrase
behosh karna,Anaesthesiologist,Keyword Phrase
pre-op consultation,Anaesthesiologist,Keyword Phrase
epidural,Anaesthesiologist,Keyword Phrase
spinal block,Anaesthesiologist,Keyword Phrase
"Accident ho gaya hai, bahut khoon beh raha hai turant madad chahiye.",Emergency Medicine Specialist,Original
"Ghar mein koi achanak behosh ho gaya hai, saans bhi theek se nahi le pa raha.",Emergency Medicine Specialist,Original
"Bachhe ne galti se kuch dawai kha li hai, turant dikhana hai.",Emergency Medicine Specialist,Original
"Seene mein achanak bahut tez dard hua hai abhi, ambulance chahiye.",Emergency Medicine Specialist,Original
"Seedhi se girne ke baad hil nahi pa raha, turant hospital jaana hai.",Emergency Medicine Specialist,Original
Jalne ki wajah se skin poori tarah se badly burn ho gayi hai.,Emergency Medicine Specialist,Original
"Saans achanak ruk si gayi thi, neela pad gaya tha chehra.",Emergency Medicine Specialist,Original
"Snake ne kaat liya hai, turant hospital pahunchna hai.",Emergency Medicine Specialist,Original
High fever ke saath bachhe ko seizure aa gaya achanak.,Emergency Medicine Specialist,Original
"Kisi ne galti se poison pi liya hai, turant hospital chahiye.",Emergency Medicine Specialist,Original
"Gaadi ka accident hua hai, kai log ghayal hain, turant madad chahiye.",Emergency Medicine Specialist,Original
"Chhat se gir gaya bachha, sar se khoon beh raha hai turant.",Emergency Medicine Specialist,Original
Achanak chest jakad gaya aur saans bilkul nahi le pa rahe the.,Emergency Medicine Specialist,Original
"Bahut zyada allergic reaction ho gaya khane se, gala sujj raha hai turant.",Emergency Medicine Specialist,Original
"Deep cut lag gaya hai kitchen mein, khoon rukk nahi raha, turant dikhana hai.",Emergency Medicine Specialist,Original
"Bijli ka jhatka laga hai kisi ko, behosh pade hain abhi.",Emergency Medicine Specialist,Original
Kisi ki heat stroke se tabiyat achanak bigad gayi hai bahar dhoop mein.,Emergency Medicine Specialist,Original
emergency mein turant dikhana hai,Emergency Medicine Specialist,Specialist Term
casualty le jaana hai,Emergency Medicine Specialist,Specialist Term
turant doctor chahiye abhi,Emergency Medicine Specialist,Specialist Term
ambulance bulani hai turant,Emergency Medicine Specialist,Specialist Term
24x7 emergency ward jaana hai,Emergency Medicine Specialist,Specialist Term
accident ho gaya,Emergency Medicine Specialist,Keyword Phrase
bahut khoon beh raha hai,Emergency Medicine Specialist,Keyword Phrase
behosh ho gaye,Emergency Medicine Specialist,Keyword Phrase
emergency hai,Emergency Medicine Specialist,Keyword Phrase
zeher kha liya,Emergency Medicine Specialist,Keyword Phrase
"Mere dada ji ko chalte waqt balance nahi banta, gir jaane ka dar rehta hai.",Geriatrician,Original
"Nani ji ko har cheez bhoolne lagi hai, ye normal budhapa hai ya bimari.",Geriatrician,Original
"Senior citizen hain, kai dawaiyan chal rahi hain, overall checkup karana hai.",Geriatrician,Original
Buzurg papa ko uthne baithne mein bahut dikkat hoti hai aajkal.,Geriatrician,Original
"Age zyada hai unki, appetite bhi kam ho gayi hai aur weakness rehti hai.",Geriatrician,Original
"80 saal ke hain, akele rehte hain, unka regular health checkup karana hai.",Geriatrician,Original
"Buzurg maa ko raat ko confusion hoti hai, din mein theek rehti hain.",Geriatrician,Original
"Dadi ji gir gayi thi ghar mein, ab chalne mein bahut dar lagta hai unhe.",Geriatrician,Original
"Umar ke saath unhe kai bimariyan ho gayi hain, sabka ek saath dekhna hai.",Geriatrician,Original
75 saal ke papa ko subah subah bahut chakkar aate hain uthte waqt.,Geriatrician,Original
"Buzurg ammi kaafi weak ho gayi hain, khana bhi kam kha rahi hain aajkal.",Geriatrician,Original
Ghar ke buzurgo ke liye regular full body checkup karwana chahte hain.,Geriatrician,Original
"Unki kai dawaiyan chal rahi hain alag alag doctor ki, ek saath review karana hai.",Geriatrician,Original
"Papa ko neend bahut kam aati hai raat mein, din mein sote rehte hain.",Geriatrician,Original
"Buzurg dadi ko akele chhodna theek nahi lagta, ghar par hi doctor bula sakte hain kya.",Geriatrician,Original
buzurgo ka doctor chahiye,Geriatrician,Specialist Term
geriatric specialist ko dikhana hai,Geriatrician,Specialist Term
senior citizen specialist se milna hai,Geriatrician,Specialist Term
budhape ki bimariyon ka doctor,Geriatrician,Specialist Term
budhape ki kamzori,Geriatrician,Keyword Phrase
senior citizen ki tabiyat,Geriatrician,Keyword Phrase
budhon ki bimari,Geriatrician,Keyword Phrase
buzurg ko chakkar,Geriatrician,Keyword Phrase
"Meri blood report aayi hai, samajh nahi aa raha values ka matlab kya hai.",Pathologist,Original
"Fasting blood sample dena hai kal subah, kahan jama karna hai.",Pathologist,Original
"Biopsy report abhi tak nahi aayi, kab tak milegi.",Pathologist,Original
"Lab test ke results normal range se bahar aaye hain, doctor ko dikhana hai.",Pathologist,Original
Urine culture test karwana hai infection check karne ke liye.,Pathologist,Original
"Histopathology report samajhni hai, doctor ne bola tha lab se le lo.",Pathologist,Original
"Stool sample test karwana hai, kaha jama karein.",Pathologist,Original
"CBC report mein kuch values low aayi hain, matlab samajhna hai.",Pathologist,Original
"PCR test karwana hai, kitne din mein report milegi.",Pathologist,Original
Thyroid ka blood test karwana hai fasting mein ya normal.,Pathologist,Original
"Report mein ek value red mark ki hai, kitna serious hai janna hai.",Pathologist,Original
"Sugar test PP aur fasting dono karwane hain, ek hi din mein ho jayenge kya.",Pathologist,Original
"Allergy test karwana hai, kaunse kaunse cheezon se allergy hai pata karna hai.",Pathologist,Original
"Pregnancy test karwana hai lab mein, ghar wala test positive aaya tha.",Pathologist,Original
lab report checkup,Pathologist,Specialist Term
pathologist se report discuss karni hai,Pathologist,Specialist Term
sample test karwana hai,Pathologist,Specialist Term
lab wale doctor se baat karni hai,Pathologist,Specialist Term
blood test report samajhni hai,Pathologist,Specialist Term
blood report,Pathologist,Keyword Phrase
lab test,Pathologist,Keyword Phrase
sample dena hai,Pathologist,Keyword Phrase
report samajhni hai,Pathologist,Keyword Phrase
culture test,Pathologist,Keyword Phrase
histopathology,Pathologist,Keyword Phrase
"Operation ke baad se ghutna hilana mushkil hai, exercises karni hain shayad.",Physiotherapist / Rehab,Original
"Kandha jam sa gaya hai, movement bahut kam ho gayi hai.",Physiotherapist / Rehab,Original
Doctor ne bola tha physiotherapy karo par kaafi time se nahi ki.,Physiotherapist / Rehab,Original
"Stroke ke baad ek side kamzor ho gayi hai, chalna practice karna hai.",Physiotherapist / Rehab,Original
"Kamar ke dard mein exercise se hi aaram milta hai, dawai se nahi.",Physiotherapist / Rehab,Original
Sports injury ke baad muscle strength wapas laani hai dheere dheere.,Physiotherapist / Rehab,Original
"Accident ke baad chalna phirna bhool gaye hain, dobara sikhna hai.",Physiotherapist / Rehab,Original
"Frozen shoulder hai bola doctor ne, exercises se hi thik hoga.",Physiotherapist / Rehab,Original
"Paralysis ke baad ek haath bilkul kaam nahi kar raha, therapy chahiye.",Physiotherapist / Rehab,Original
Knee replacement ke baad chalna phir se sikhna hai proper tarike se.,Physiotherapist / Rehab,Original
"Bache ko cerebral palsy hai, uski movement therapy chalti rehti hai.",Physiotherapist / Rehab,Original
"Pairo mein weakness hai polio ke baad se, exercises se improve hota hai kya.",Physiotherapist / Rehab,Original
"Ghar par hi physiotherapy karwa sakte hain kya, aana jaana mushkil hai.",Physiotherapist / Rehab,Original
"Neck ka dard hai desk job ki wajah se, posture theek karne wali exercises chahiye.",Physiotherapist / Rehab,Original
physiotherapist chahiye,Physiotherapist / Rehab,Specialist Term
rehab specialist se milna hai,Physiotherapist / Rehab,Specialist Term
exercise therapy wale doctor,Physiotherapist / Rehab,Specialist Term
physio se appointment chahiye,Physiotherapist / Rehab,Specialist Term
movement therapy specialist chahiye,Physiotherapist / Rehab,Specialist Term
exercise se dard theek,Physiotherapist / Rehab,Keyword Phrase
physiotherapy chahiye,Physiotherapist / Rehab,Keyword Phrase
movement kam ho gaya,Physiotherapist / Rehab,Keyword Phrase
operation ke baad rehab,Physiotherapist / Rehab,Keyword Phrase
"Breast mein gaanth thi, biopsy mein cancer confirm hua hai.",Oncologist (Cancer),Original
"Achanak bahut weight kam ho raha hai bina kisi wajah ke, cancer ka dar hai.",Oncologist (Cancer),Original
Gaanth dheere dheere badh rahi hai aur ab dard bhi hone laga hai.,Oncologist (Cancer),Original
"Keemo therapy shuru karni hai, kahan aur kaise hoti hai janna hai.",Oncologist (Cancer),Original
"Scan mein ek tumor dikha hai, aage kya karna hai samajh nahi aa raha.",Oncologist (Cancer),Original
"Baar baar mooh mein ulcer hota hai jo theek hi nahi hota, dar lag raha hai.",Oncologist (Cancer),Original
Gale mein ek ganth hai jo kam nahi ho rahi kai hafton se.,Oncologist (Cancer),Original
"Radiation therapy shuru karni hai, process samajhni hai poori.",Oncologist (Cancer),Original
"Second opinion chahiye cancer treatment ke liye, report bhej sakte hain.",Oncologist (Cancer),Original
Skin par ek mole ka shape aur colour badal gaya hai achanak.,Oncologist (Cancer),Original
"Papa ko lung cancer detect hua hai, aage ka treatment plan samajhna hai.",Oncologist (Cancer),Original
"Keemo ke side effects bahut zyada ho rahe hain, kuch karna hai iske liye.",Oncologist (Cancer),Original
"Family mein cancer history hai, screening karwani hai preventive.",Oncologist (Cancer),Original
"Ek hi jagah baar baar khoon aata hai bina kisi chot ke, dar lag raha hai.",Oncologist (Cancer),Original
"Cancer stage kya hai aur survival rate kya hoga, ye janna hai.",Oncologist (Cancer),Original
cancer specialist chahiye,Oncologist (Cancer),Specialist Term
oncologist se milna hai,Oncologist (Cancer),Specialist Term
cancer ka doctor dikhana hai,Oncologist (Cancer),Specialist Term
tumor specialist se milna hai,Oncologist (Cancer),Specialist Term
keemo therapy center ka pata chahiye,Oncologist (Cancer),Specialist Term
cancer ka doubt,Oncologist (Cancer),Keyword Phrase
gaanth badh rahi hai,Oncologist (Cancer),Keyword Phrase
biopsy mein cancer,Oncologist (Cancer),Keyword Phrase
keemo therapy,Oncologist (Cancer),Keyword Phrase
tumor,Oncologist (Cancer),Keyword Phrase
"Doctor ne MRI karwane ko bola hai, kahan achi facility milegi.",Radiologist,Original
"Haath mein fracture lag raha hai, X-ray karwana hai turant.",Radiologist,Original
Pregnancy ka sonography karwana hai is mahine ka.,Radiologist,Original
"CT scan ki report samajhni hai, kya nikla hai usme.",Radiologist,Original
"Ultrasound mein kuch clear nahi dikha, dobara karwana padega kya.",Radiologist,Original
Mammography karwani hai routine checkup ke liye.,Radiologist,Original
"Doppler test karwana hai pairo ki naso ka, doctor ne bola hai.",Radiologist,Original
"Bone density test karwana hai, budhape mein haddi kamzor ho rahi hai.",Radiologist,Original
"PET scan karwana hai, doctor ne cancer follow-up ke liye bola hai.",Radiologist,Original
Ghutne ka MRI karwana hai ligament check karne ke liye.,Radiologist,Original
Bache ke fracture ka X-ray dobara karwana hai healing check karne.,Radiologist,Original
"Echo test karwana hai heart ka, doctor ne bataya hai.",Radiologist,Original
"Brain ka MRI karwana hai, sar dard bahut zyada rehta hai.",Radiologist,Original
"Report mein kya nikla hai, radiologist se khud baat kar sakte hain kya.",Radiologist,Original
scan karwana hai,Radiologist,Specialist Term
radiologist se report discuss karni hai,Radiologist,Specialist Term
imaging center jana hai,Radiologist,Specialist Term
MRI center ka pata chahiye,Radiologist,Specialist Term
scan report samajhni hai,Radiologist,Specialist Term
MRI karwani hai,Radiologist,Keyword Phrase
X-ray karwana hai,Radiologist,Keyword Phrase
CT scan,Radiologist,Keyword Phrase
ultrasound,Radiologist,Keyword Phrase
sonography,Radiologist,Keyword Phrase
mammography,Radiologist,Keyword Phrase
bone density test,Radiologist,Keyword Phrase
"Football khelte waqt ghutna mud gaya, ab chalna mushkil ho raha hai.",Sports Medicine Specialist,Original
Gym mein weight uthate waqt kandhe mein kuch chatak gaya jaisa laga.,Sports Medicine Specialist,Original
"Running karte waqt ankle twist ho gaya, sujan bhi aa gayi hai.",Sports Medicine Specialist,Original
"Cricket khelte waqt haath mein ball lag gayi thi, ab bhi dard hai.",Sports Medicine Specialist,Original
"Muscle pull ho gaya hai practice ke doraan, kal se bahut dard hai.",Sports Medicine Specialist,Original
"Ligament mein chot lagi thi match ke doraan, ab tak poora recover nahi hua.",Sports Medicine Specialist,Original
Marathon practice ke baad ghutno mein bahut dard rehta hai roz.,Sports Medicine Specialist,Original
Gym mein injury ke baad wapas training start karni hai safely.,Sports Medicine Specialist,Original
"Badminton khelte waqt kalai mud gayi thi, ab bhi weak lagti hai.",Sports Medicine Specialist,Original
Swimming karte waqt kandhe mein dard shuru ho gaya hai roz roz.,Sports Medicine Specialist,Original
Trekking ke baad pairo mein bahut soojan aur dard hai kai din se.,Sports Medicine Specialist,Original
"College tournament ke liye jaldi recover hona hai, injury management chahiye.",Sports Medicine Specialist,Original
Weightlifting karte waqt kamar mein kuch kadak gaya jaisa laga.,Sports Medicine Specialist,Original
sports injury specialist chahiye,Sports Medicine Specialist,Specialist Term
sports medicine doctor ko dikhana hai,Sports Medicine Specialist,Specialist Term
athlete injury specialist chahiye,Sports Medicine Specialist,Specialist Term
fitness aur injury doctor chahiye,Sports Medicine Specialist,Specialist Term
khelte waqt chot,Sports Medicine Specialist,Keyword Phrase
gym mein chot lagi,Sports Medicine Specialist,Keyword Phrase
muscle pull,Sports Medicine Specialist,Keyword Phrase
ligament injury,Sports Medicine Specialist,Keyword Phrase
sports injury,Sports Medicine Specialist,Keyword Phrase
Kai joints mein ek saath soojan aur dard rehta hai kaafi dino se.,Rheumatologist,Original
Subah uthte hi ek ghante tak joints akde hue lagte hain.,Rheumatologist,Original
"Arthritis ka doubt hai, ungliyon ke joints mein bhi dard hone laga hai.",Rheumatologist,Original
Dono haathon ke chhote joints mein symmetrical dard rehta hai.,Rheumatologist,Original
"Doctor ne bola auto-immune ho sakta hai, joints ke saath skin par bhi rash hai.",Rheumatologist,Original
Bahut thakaan rehti hai aur haath ki ungliyan subah akdi hui lagti hain.,Rheumatologist,Original
Joints mein dard ke saath saath halka bukhar bhi rehta hai kaafi dino se.,Rheumatologist,Original
Ghutno ke saath kalai aur ungliyon mein bhi soojan aa gayi hai.,Rheumatologist,Original
"Lupus ka doubt hai, joints ke saath chehre par bhi rash hai dhoop mein.",Rheumatologist,Original
"Gout ki problem hai, pair ke angoothe mein achanak bahut tez dard hota hai.",Rheumatologist,Original
"Kandhe aur kamar dono mein akadan rehti hai, movement kam ho gayi hai.",Rheumatologist,Original
Doctor ne blood test mein RA factor check karne ko bola hai.,Rheumatologist,Original
rheumatologist ko dikhana hai,Rheumatologist,Specialist Term
joint aur auto-immune specialist chahiye,Rheumatologist,Specialist Term
arthritis specialist se milna hai,Rheumatologist,Specialist Term
gout specialist se milna hai,Rheumatologist,Specialist Term
joints mein soojan,Rheumatologist,Keyword Phrase
arthritis,Rheumatologist,Keyword Phrase
subah akadan,Rheumatologist,Keyword Phrase
auto-immune,Rheumatologist,Keyword Phrase
joint pain multiple,Rheumatologist,Keyword Phrase
"Blood test mein creatinine bahut high aaya hai, kidney specialist se milna hai.",Nephrologist (Kidney),Original
Subah uthte hi aankho ke aas paas aur pairo mein sujan rehti hai.,Nephrologist (Kidney),Original
Peshaab bahut kam ho gaya hai pichle kuch dino se.,Nephrologist (Kidney),Original
"Doctor ne bataya kidney function kam ho gaya hai, dialysis ki baat kar rahe the.",Nephrologist (Kidney),Original
"Bahut thakaan aur ulti si feel hoti hai, kidney test karwane bole hain.",Nephrologist (Kidney),Original
"Peshaab mein bahut jhaag aata hai kaafi dino se, protein leak ho sakta hai.",Nephrologist (Kidney),Original
"Dono kidney mein stone hai bola hai, ab specialist se milna hai.",Nephrologist (Kidney),Original
"BP control nahi ho raha kai dawaiyon ke baad bhi, kidney check karana hai.",Nephrologist (Kidney),Original
Diabetes ke saath kidney ki reports bhi kharab aane lagi hain.,Nephrologist (Kidney),Original
"Dialysis start karni padegi shayad, doctor ne bataya hai reports dekhkar.",Nephrologist (Kidney),Original
"Chehre aur pairo mein subah subah zyada sujan rehti hai, sham tak kam ho jaati hai.",Nephrologist (Kidney),Original
"Kidney transplant ke baare mein jaankari chahiye, doctor ne suggest kiya hai.",Nephrologist (Kidney),Original
kidney specialist chahiye,Nephrologist (Kidney),Specialist Term
nephrologist se milna hai,Nephrologist (Kidney),Specialist Term
dialysis specialist ko dikhana hai,Nephrologist (Kidney),Specialist Term
kidney transplant specialist chahiye,Nephrologist (Kidney),Specialist Term
kidney ki problem,Nephrologist (Kidney),Keyword Phrase
creatinine high,Nephrologist (Kidney),Keyword Phrase
chehre par sujan,Nephrologist (Kidney),Keyword Phrase
kidney failure,Nephrologist (Kidney),Keyword Phrase
dialysis,Nephrologist (Kidney),Keyword Phrase
Gallbladder mein stones hain aur doctor ne operation karne ko bola hai.,GI/Surgical Gastroenterologist,Original
Pet mein ek gaanth hai jo operation se hi nikalni padegi bola hai.,GI/Surgical Gastroenterologist,Original
"Piles bahut badh gaye hain, ab surgery ke alawa koi option nahi bacha.",GI/Surgical Gastroenterologist,Original
Endoscopy mein kuch nikla hai jiske liye operation ki zaroorat hai.,GI/Surgical Gastroenterologist,Original
"Fistula ho gaya hai, doctor ne surgery karne ki salah di hai.",GI/Surgical Gastroenterologist,Original
"Aant mein rukawat hai bola hai doctor ne, operation karna padega.",GI/Surgical Gastroenterologist,Original
"Rectal bleeding bahut zyada ho rahi hai, surgeon ne dikhne ko bola hai.",GI/Surgical Gastroenterologist,Original
Liver mein cyst hai jise operation se nikalna padega bola hai.,GI/Surgical Gastroenterologist,Original
"Hernia bahar dikhne laga hai khaansne par, operation ki zaroorat bata rahe hain.",GI/Surgical Gastroenterologist,Original
"Pancreas mein problem hai, surgery karke hi theek hoga bola doctor ne.",GI/Surgical Gastroenterologist,Original
"Anal fissure bahut dard de raha hai, surgery ke alawa option nahi bacha.",GI/Surgical Gastroenterologist,Original
"Appendix ka operation karwana hai, doctor ne turant bola hai.",GI/Surgical Gastroenterologist,Original
GI surgeon se milna hai,GI/Surgical Gastroenterologist,Specialist Term
pet ki surgery wale doctor chahiye,GI/Surgical Gastroenterologist,Specialist Term
gastro surgery specialist chahiye,GI/Surgical Gastroenterologist,Specialist Term
hernia operation specialist chahiye,GI/Surgical Gastroenterologist,Specialist Term
pet ki surgery,GI/Surgical Gastroenterologist,Keyword Phrase
gallbladder operation,GI/Surgical Gastroenterologist,Keyword Phrase
hernia operation pet,GI/Surgical Gastroenterologist,Keyword Phrase
GI operation,GI/Surgical Gastroenterologist,Keyword Phrase
fistula,GI/Surgical Gastroenterologist,Keyword Phrase
rectal bleeding operation,GI/Surgical Gastroenterologist,Keyword Phrase
"Pairo ki nasein phool kar bahar dikhne lagi hain, khade rehne se dard hota hai.",Vascular Surgeon,Original
"Pair mein achanak sujan aur dard hua hai, blood clot ka dar hai.",Vascular Surgeon,Original
"Chalte waqt pairon mein dard hota hai, thodi der rukne se aaram milta hai.",Vascular Surgeon,Original
"Ek pair doosre se zyada thanda rehta hai, colour bhi halka nila lagta hai.",Vascular Surgeon,Original
"Pairo ki nasein neeli aur ubhri hui dikhti hain, dekhne mein bhi ajeeb lagti hain.",Vascular Surgeon,Original
Ghaav pair mein hai jo bahut dino se bhar hi nahi raha.,Vascular Surgeon,Original
"Chalne mein bahut takleef hoti hai, doctor ne blood flow check karne bola.",Vascular Surgeon,Original
"Diabetes hai aur pair ka ghaav thik nahi ho raha, kaala bhi pad raha hai jagah jagah.",Vascular Surgeon,Original
"Gardan ki artery mein blockage bataya doctor ne, operation ki baat kar rahe hain.",Vascular Surgeon,Original
Varicose veins ki wajah se pairo mein bhaari-pan aur dard rehta hai poora din.,Vascular Surgeon,Original
vascular surgeon ko dikhana hai,Vascular Surgeon,Specialist Term
varicose veins ka doctor,Vascular Surgeon,Specialist Term
blood vessel specialist se milna hai,Vascular Surgeon,Specialist Term
varicose veins specialist chahiye,Vascular Surgeon,Specialist Term
nason ka phoolna,Vascular Surgeon,Keyword Phrase
varicose veins,Vascular Surgeon,Keyword Phrase
pairo ki naso mein dard,Vascular Surgeon,Keyword Phrase
blood clot pair mein,Vascular Surgeon,Keyword Phrase
"Doctor ne bataya heart ki ek valve kharab hai, operation ki baat kar rahe hain.",Cardiothoracic Surgeon,Original
"Bypass surgery karwani hai, angiography mein blockage nikla hai.",Cardiothoracic Surgeon,Original
Heart operation ke baad recovery ke baare mein baat karni hai.,Cardiothoracic Surgeon,Original
"Bache ko janam se dil mein ched hai, surgery karni padegi bola hai.",Cardiothoracic Surgeon,Original
"Angioplasty se theek nahi hua, ab open heart surgery bata rahe hain.",Cardiothoracic Surgeon,Original
"Lungs mein tumor hai jo operation se nikalna padega, chest surgeon chahiye.",Cardiothoracic Surgeon,Original
"Heart transplant ke baare mein jaankari chahiye, doctor ne refer kiya hai.",Cardiothoracic Surgeon,Original
"Chest ke andar fluid bhar gaya hai bola hai, operation se nikalna padega.",Cardiothoracic Surgeon,Original
"Heart ki teeno arteries mein blockage hai, bypass ki taiyari karni hai.",Cardiothoracic Surgeon,Original
heart surgeon se milna hai,Cardiothoracic Surgeon,Specialist Term
cardiothoracic surgeon ko dikhana hai,Cardiothoracic Surgeon,Specialist Term
chest aur heart surgery specialist chahiye,Cardiothoracic Surgeon,Specialist Term
bypass surgery specialist chahiye,Cardiothoracic Surgeon,Specialist Term
heart surgery,Cardiothoracic Surgeon,Keyword Phrase
bypass surgery,Cardiothoracic Surgeon,Keyword Phrase
valve replace,Cardiothoracic Surgeon,Keyword Phrase
heart operation,Cardiothoracic Surgeon,Keyword Phrase
congenital heart defect,Cardiothoracic Surgeon,Keyword Phrase
chest surgery lungs,Cardiothoracic Surgeon,Keyword Phrase
"Scan mein brain mein ek growth dikha hai, operation ki zaroorat bata rahe hain.",Neurosurgeon,Original
"Sar mein bahut gehri chot lagi thi accident mein, behosh bhi ho gaye the.",Neurosurgeon,Original
"Spine mein disc slip ho gayi hai, doctor operation ki salah de rahe hain.",Neurosurgeon,Original
"Dimaag ki nas phatne jaisa laga tha achanak, turant hospital le gaye the.",Neurosurgeon,Original
"Kamar ke dard ke saath pair mein bhi kamzori aa gayi hai, disc ka issue lagta hai.",Neurosurgeon,Original
"Sar mein paani bhar gaya hai bola hai doctor ne, operation karna padega.",Neurosurgeon,Original
"Epilepsy control nahi ho raha dawaiyon se, surgery ka option poochna hai.",Neurosurgeon,Original
"Gardan ke pas ki spine mein pinch hui nas hai, haath mein weakness aa gayi hai.",Neurosurgeon,Original
"Accident mein sar mein blood clot ban gaya hai, turant operation bata rahe hain.",Neurosurgeon,Original
neurosurgeon ko dikhana hai,Neurosurgeon,Specialist Term
brain surgery specialist chahiye,Neurosurgeon,Specialist Term
spine surgery specialist se milna hai,Neurosurgeon,Specialist Term
brain tumor specialist chahiye,Neurosurgeon,Specialist Term
brain tumor,Neurosurgeon,Keyword Phrase
sar mein gehri chot,Neurosurgeon,Keyword Phrase
spine operation,Neurosurgeon,Keyword Phrase
dimaag ki surgery,Neurosurgeon,Keyword Phrase
"Jalne ke bahut gehre nishan reh gaye hain, unhe theek karwana hai.",Plastic Surgeon,Original
"Accident ke baad chehre par scar reh gaya hai, surgery se theek ho sakta hai kya.",Plastic Surgeon,Original
Cosmetic surgery ke baare mein consultation chahiye.,Plastic Surgeon,Original
Skin graft karwana hai jalne wali jagah par.,Plastic Surgeon,Original
"Kaan ka shape thoda alag hai janam se, surgery se theek ho sakta hai kya.",Plastic Surgeon,Original
Mastectomy ke baad reconstruction ke baare mein baat karni hai.,Plastic Surgeon,Original
"Haath ki ungli kat gayi thi accident mein, usse theek karwana hai.",Plastic Surgeon,Original
"Nose ka shape thoda change karwana hai, cosmetic reasons se.",Plastic Surgeon,Original
"Dog bite ke baad chehre par gehra ghaav hai, plastic surgery se theek hoga kya.",Plastic Surgeon,Original
"Weight loss surgery ke baad skin loose ho gayi hai, tighten karwani hai.",Plastic Surgeon,Original
plastic surgeon ko dikhana hai,Plastic Surgeon,Specialist Term
cosmetic surgery specialist chahiye,Plastic Surgeon,Specialist Term
reconstruction surgery ke baare mein baat karni hai,Plastic Surgeon,Specialist Term
skin graft specialist chahiye,Plastic Surgeon,Specialist Term
jalne ke nishan,Plastic Surgeon,Keyword Phrase
cosmetic surgery,Plastic Surgeon,Keyword Phrase
chehre ki surgery,Plastic Surgeon,Keyword Phrase
scar hatana,Plastic Surgeon,Keyword Phrase
"Daant mein bahut dard hai kai dino se, thanda garam lagta hai turant.",Dentist,Original
Masudo se khoon aata hai brush karte waqt.,Dentist,Original
Ek daant hilne laga hai bina kisi chot ke.,Dentist,Original
Muh mein baar baar ulcer ho jata hai jo jaldi theek nahi hota.,Dentist,Original
Back wala daant nikal raha hai aur bahut dard ho raha hai.,Dentist,Original
"Daanto mein cavity ho gayi lagti hai, khane mein fasta hai kuch.",Dentist,Original
"Muh se badbu aati hai hamesha, brush karne ke baad bhi.",Dentist,Original
dentist ko dikhana hai,Dentist,Specialist Term
daanto ka doctor chahiye,Dentist,Specialist Term
dant chikitsak se milna hai,Dentist,Specialist Term
daant mein dard,Dentist,Keyword Phrase
muh mein ulcer,Dentist,Keyword Phrase
masudo se khoon,Dentist,Keyword Phrase
daant hilna,Dentist,Keyword Phrase
cavity,Dentist,Keyword Phrase
Mere kutte ko do din se bukhar hai aur khana bhi nahi kha raha.,Veterinarian,Original
Billi ne achanak khana peena chhod diya hai.,Veterinarian,Original
"Pet ko ulti ho rahi hai baar baar, chal bhi nahi pa raha thik se.",Veterinarian,Original
"Gaay bimaar lag rahi hai, khada nahi ho pa rahi.",Veterinarian,Original
veterinarian ko dikhana hai,Veterinarian,Specialist Term
pashu chikitsak chahiye,Veterinarian,Specialist Term
animal doctor se milna hai,Veterinarian,Specialist Term
kutte ko bukhar,Veterinarian,Keyword Phrase
billi ne khana chhod diya,Veterinarian,Keyword Phrase
pet ko ulti,Veterinarian,Keyword Phrase
animal ko chot,Veterinarian,Keyword Phrase
Baaye haath mein ajeeb sa dard hota hai kabhi kabhi,Cardiologist (Heart),Original
Cardiac doctor,Cardiologist (Heart),Specialist Term
"Chalte waqt pairon mein dard hota hai, rukne se aaram milta hai",Cardiologist (Heart),Original
"Chalte waqt seene mein dabaav sa mehsoos hota hai, rukne se theek ho jata hai",Cardiologist (Heart),Original
chest mai dard ho raha hai,Cardiologist (Heart),Original
Chest me heavypan lagta hai ya achanak tez dard hota hai.,Cardiologist (Heart),Original
dil ghabra raha hai,Cardiologist (Heart),Original
Dil ka doctor,Cardiologist (Heart),Specialist Term
Dil ke doctor sahab,Cardiologist (Heart),Specialist Term
Dil ki bimari ka doctor,Cardiologist (Heart),Specialist Term
Dil ki dhadkan achanak se bahut tez ho jaati hai.,Cardiologist (Heart),Original
dil ki dhadkan tez hai,Cardiologist (Heart),Original
Dil ruk ruk ke dhadakta hai kabhi kabhi,Cardiologist (Heart),Original
Heart specialist,Cardiologist (Heart),Specialist Term
"Koi symptoms nahi dikhte, lekin cholesterol zyada hai reports mein.",Cardiologist (Heart),Original
Pairon mein soojan rehti hai shaam tak,Cardiologist (Heart),Original
saans phoolti hai,Cardiologist (Heart),Original
"Sar bhaari rehta hai aur gardan ke peeche dard hota hai, BP check karwana hai",Cardiologist (Heart),Original
Seedhi chadhte waqt seene mein bhaari-pan lagta hai,Cardiologist (Heart),Original
seene mai dard hai,Cardiologist (Heart),Original
Sote waqt achanak saans phoolne lagti hai,Cardiologist (Heart),Original
Thoda sa chalne par bhi saas phoolne lagti hai.,Cardiologist (Heart),Original
cavity ho gayi hai,Dentist,Original
daant dukh raha hai,Dentist,Original
Daant ka doctor,Dentist,Specialist Term
Daant ke neeche soojan hai aur pus jama ho gaya lagta hai,Dentist,Original
Daant tedhe-medhe lag rahe hain,Dentist,Original
Daant wale doctor,Dentist,Specialist Term
Daanton ka specialist,Dentist,Specialist Term
dant mai dard hai,Dentist,Original
dant tuta hua hai,Dentist,Original
Dental doctor,Dentist,Specialist Term
Jabde mein clicking ki awaaz aati hai,Dentist,Original
masudo se khoon aa raha hai,Dentist,Original
mooh mai chala hai,Dentist,Original
Munh se badbu aati hai hamesha,Dentist,Original
"Neend mein daant pisne ki aadat hai, subah jabda dukhta hai",Dentist,Original
Peeche wala daant nikal raha hai aur bahut dard ho raha hai,Dentist,Original
teeth mai bahut dard hai,Dentist,Original
Thande ya garam cheez khane se jhun-jhunahat hoti hai daant mein,Dentist,Original
Baal aur skin ka doctor,Dermatologist (Skin),Specialist Term
Bina kisi wajah ke bahut zyada pasina aata hai.,Dermatologist (Skin),Original
"Bohot zyada hair fall ho raha hai, baal patle ho rahe hain.",Dermatologist (Skin),Original
Chehre par bohot zyada pimples/acne ho gaye hain aur daag chhod rahe hain.,Dermatologist (Skin),Original
chehre pe daane nikal aaye hain,Dermatologist (Skin),Original
Dhoop mein jaate hi skin pe chakatte ho jaate hain,Dermatologist (Skin),Original
Ek hi jagah baar baar phunsi ho jaati hai,Dermatologist (Skin),Original
"Groin ya underarms mein laal, gol chakatte ho gaye hain jisme khujli hoti hai",Dermatologist (Skin),Original
khaarish ho rahi hai,Dermatologist (Skin),Original
Naakhoon peele ya mote ho gaye hain,Dermatologist (Skin),Original
rash ho gaya hai,Dermatologist (Skin),Original
"Skin bahut dry aur khujli wali ho gayi hai, chhilne lagti hai",Dermatologist (Skin),Original
Skin doctor,Dermatologist (Skin),Specialist Term
skin lal ho gayi hai,Dermatologist (Skin),Original
skin mai khujli ho rahi hai,Dermatologist (Skin),Original
Skin par achanak se rashes aur bohot khujli ho rahi hai.,Dermatologist (Skin),Original
Skin pe chhote chhote dane jaise ubhaar aa gaye hain,Dermatologist (Skin),Original
Skin pe safed daag phailte ja rahe hain,Dermatologist (Skin),Original
Skin pe safed parat jaisi jamm jaati hai aur khujli hoti hai,Dermatologist (Skin),Original
Skin specialist,Dermatologist (Skin),Specialist Term
Twacha ka doctor,Dermatologist (Skin),Specialist Term
white patches ho gaye hain skin pe,Dermatologist (Skin),Original
Baar baar pyaas lagti hai,Endocrinologist (Hormones/Diabetes),New Suggestion
Bina kisi diet ke achanak se weight bohot badh gaya hai ya ghat gaya hai.,Endocrinologist (Hormones/Diabetes),Original
Bina kuch kiye dil tez chalta hai aur weight kam ho raha hai,Endocrinologist (Hormones/Diabetes),Original
Bohot zyada pyaas lagti hai aur baar-baar urine aata hai.,Endocrinologist (Hormones/Diabetes),Original
Gale me sujan lagti hai aur har waqt thand ya garmi bohot lagti hai.,Endocrinologist (Hormones/Diabetes),Original
Halki chot mein bhi haddi tootne ka dar rehta hai,Endocrinologist (Hormones/Diabetes),Original
"Hamesha thaka hua aur udaas mehsoos hota hoon, constipation bhi hai.",Endocrinologist (Hormones/Diabetes),Original
Hormone ka doctor,Endocrinologist (Hormones/Diabetes),Specialist Term
Hormone specialist,Endocrinologist (Hormones/Diabetes),Specialist Term
Periods irregular hain aur chehre pe baal ugne lage hain,Endocrinologist (Hormones/Diabetes),Original
Sugar badh gaya hai,Endocrinologist (Hormones/Diabetes),New Suggestion
Sugar ka doctor,Endocrinologist (Hormones/Diabetes),Specialist Term
Thyroid ka doctor,Endocrinologist (Hormones/Diabetes),Specialist Term
Weight kam nahi ho raha aur periods bhi irregular ho gaye hain.,Endocrinologist (Hormones/Diabetes),Original
"Aankhon mein khujli aur paani aata hai, skin bhi dry lagti hai.",ENT Specialist,Original
"Chehre mein bhaari-pan aur sar dard hai, khaas kar jhukne par",ENT Specialist,Original
Chhikein bahut aa rahi hain,ENT Specialist,New Suggestion
Chhinkein aati hain aur naak khujli karti hai.,ENT Specialist,Original
Ek taraf se saans lena mushkil hota hai hamesha,ENT Specialist,Original
ENT doctor,ENT Specialist,Specialist Term
gala dukh raha hai,ENT Specialist,Original
Gala sookha aur khujli jaisa lagta hai.,ENT Specialist,Original
Gale mein kuch atka hua mehsoos hota hai hamesha,ENT Specialist,Original
Gale mein soojan hai aur nigalte waqt bahut dard hota hai,ENT Specialist,Original
Kaan ke bahar laalpan hai aur bahut khujli hoti hai.,ENT Specialist,Original
kaan mai dard hai,ENT Specialist,Original
Kaan mein dard hai aur pus nikal raha hai.,ENT Specialist,Original
Kaan mein hamesha ghanti bajti rehti hai,ENT Specialist,Original
kaan se pani aa raha hai,ENT Specialist,Original
Kaan-naak-gala ka doctor,ENT Specialist,Specialist Term
khansi bahut aa rahi hai,ENT Specialist,Original
"Khansi kaafi din se ho rahi hai, jaati nahi",ENT Specialist,New Suggestion
KNG doctor,ENT Specialist,Specialist Term
Naak se khoon aata hai kabhi kabhi,ENT Specialist,Original
Naak se paani beh raha hai,ENT Specialist,New Suggestion
Naak-kaan-gala specialist,ENT Specialist,Specialist Term
nose block hai,ENT Specialist,Original
Sote waqt bahut zor se kharate aate hain,ENT Specialist,Original
sunayi kam de raha hai,ENT Specialist,Original
"Bahut din se halka bukhar hai, utar hi nahi raha.",General Physician,Original
"Body me bilkul energy nahi lagti, har waqt thakan rehti hai.",General Physician,Original
Mausam badalte hi cold aur cough ho jata hai.,General Physician,Original
"Aankhein aur skin peeli lag rahi hai, urine ka rang bhi dark hai",Gastroenterologist,Original
acidity bahut ho rahi hai,Gastroenterologist,Original
badhazmi ho rahi hai,Gastroenterologist,Original
Dast aur ulti dono ho rahe hain saath mein bukhar bhi hai.,Gastroenterologist,Original
Digestive specialist,Gastroenterologist,Specialist Term
gas ki problem hai,Gastroenterologist,Original
Kafi dino se constipation hai ya baar-baar loose motions ho rahe hain.,Gastroenterologist,Original
"Khaali pet dard zyada hota hai, khane ke baad kam ho jata hai",Gastroenterologist,Original
Khaali pet mein jalan hoti hai jo khane se kam hoti hai,Gastroenterologist,Original
Khana khate hi severe acidity aur seene me jalan hoti hai.,Gastroenterologist,Original
Khana khate hi turant washroom jaana padta hai,Gastroenterologist,Original
khana nahi paach raha,Gastroenterologist,Original
"Khana nigalne mein dikkat hoti hai, gale mein kuch atka lagta hai.",Gastroenterologist,Original
loose motion ho raha hai,Gastroenterologist,Original
motion nahi ho raha,Gastroenterologist,Original
Pet baar baar kharab hota hai stress lene par,Gastroenterologist,Original
pet dukh raha hai,Gastroenterologist,Original
Pet ka doctor,Gastroenterologist,Specialist Term
pet mai dard hai,Gastroenterologist,Original
Pet me har waqt bloating aur bhari-bhari lagta hai.,Gastroenterologist,Original
Pet mein dard hai aur badan dard bhi ho raha hai.,Gastroenterologist,Original
Pet mein ghar-ghar ki awaaz aati hai,Gastroenterologist,Original
pet phool gaya hai,Gastroenterologist,Original
Pet-aant ka doctor,Gastroenterologist,Specialist Term
Seene mein jalan hoti hai jise heartburn kehte hain.,Gastroenterologist,Original
stomach mai bahut dard ho raha hai,Gastroenterologist,Original
Stomach specialist,Gastroenterologist,Specialist Term
Stool mein khoon ya kaala rang dikhta hai,Gastroenterologist,Original
"Aise hi rehta hai, kabhi kam kabhi zyada",General Physician,New Suggestion
Do-teen din se aisa hi hai,General Physician,New Suggestion
Kal se ho raha hai,General Physician,New Suggestion
Aam doctor,General Physician,Specialist Term
Badan dard ho raha hai,General Physician,New Suggestion
Bahar ka khana khane ke baad ulti aur pet dard shuru ho gaya,General Physician,Original
Bahut pasina aa raha hai,General Physician,New Suggestion
Bahut pasina aa raha hai aur neend zyada aati hai.,General Physician,Original
Bhookh nahi lag rahi,General Physician,New Suggestion
Body temperature normal se zyada hai aur thand lag rahi hai.,General Physician,Original
bukhar hai,General Physician,Original
Bukhar ke saath jodo aur aankhon ke peeche dard hota hai,General Physician,Original
Bukhar ke saath thand lagke kaanpna aur phir tez garmi lagna,General Physician,Original
Chehra pila lagta hai aur thodi si mehnat mein saans phoolti hai,General Physician,Original
Family doctor,General Physician,Specialist Term
General doctor,General Physician,Specialist Term
Ghar ke paas wala doctor,General Physician,Specialist Term
Haddiyon mein dard rehta hai aur hamesha thakaan lagti hai,General Physician,Original
"Hafte se zyada bukhar hai jo shaam ko badh jata hai, kamzori bhi hai",General Physician,Original
kamzori lag rahi hai,General Physician,Original
Khada hone par aankhon ke aage andhera chha jata hai,General Physician,Original
Khansi ho rahi hai aur seene mein jamaav lagta hai.,General Physician,Original
Local doctor,General Physician,Specialist Term
MBBS doctor,General Physician,Specialist Term
Muh ka swaad kadwa lagta hai,General Physician,Original
"Naak bahti hai ya band rehti hai, gala bhi kharab hai.",General Physician,Original
Neend nahi aati raat mein,General Physician,New Suggestion
Raat ko paseena bahut aata hai,General Physician,Original
Shareer mein sui chubhne jaisa lagta hai,General Physician,Original
tez bukhar aa raha hai,General Physician,Original
thakaan mahsoos ho rahi hai,General Physician,Original
Ulti jaisa lag raha hai,General Physician,New Suggestion
weight kam ho raha hai,General Physician,Original
"Andkosh mein soojan hai, dard nahi hota",General Surgeon,Original
"Chot ki jagah lal ho gayi hai aur garam lagti hai, sujan bhi badh rahi hai",General Surgeon,Original
"Ek jagah pe soojan hai jisme pus bhara hua lagta hai, chhoone se dard hota hai",General Surgeon,Original
Gale ke aage ki taraf soojan hai jo nigalte waqt upar-neeche hoti hai,General Surgeon,Original
Gale ya gardan mein gaanth ban gayi hai,General Surgeon,Original
Ghaav bhar nahi raha kaafi din se,General Surgeon,Original
Jalne ki jagah pe chhale pad gaye hain,General Surgeon,Original
Khana khane ke baad daayi paslee ke neeche dard hota hai,General Surgeon,Original
Mal dwar ke paas se pus ya pani nikalta rehta hai,General Surgeon,Original
Motion ke waqt bahut dard hota hai aur thoda khoon bhi aata hai,General Surgeon,Original
Motion ke waqt khoon aata hai aur mal dwar mein gaanth jaisa lagta hai,General Surgeon,Original
Naabhi ke paas ubhaar sa dikhta hai jab khansta hoon,General Surgeon,Original
Operation wali jagah se pani ya pus aa raha hai,General Surgeon,Original
Pairon ki naso mein soojan aur neeli-neeli nasein dikhti hain,Vascular Surgeon,Original
"Pet ke daayi taraf niche dard hota hai, chalne se aur badh jata hai",General Surgeon,Original
Skin ke neeche ek gol gaanth hai jo hilti hai,General Surgeon,Original
Breast mein gaanth jaisa mehsoos hota hai,Gynaecologist,Original
Gynae doctor,Gynaecologist,Specialist Term
Hot flashes aur mood swings bahut ho rahe hain,Gynaecologist,Original
Intercourse ke baad spotting hoti hai,Gynaecologist,Original
Kamar mein dard hota hai jo pairon tak jata hai periods ke waqt.,Gynaecologist,Original
Ladies doctor,Gynaecologist,Specialist Term
Lady doctor,Gynaecologist,Specialist Term
Mahila rog visheshagya,Gynaecologist,Specialist Term
Periods band ho gaye hain aur hot flashes hote hain,Gynaecologist,Original
periods irregular hain,Gynaecologist,Original
Periods ke dauran normal se kahin zyada severe cramps aur dard hota hai.,Gynaecologist,Original
Periods ke time pet ke niche wale hisse mein cramps hote hain.,Gynaecologist,Original
Periods mein bahut dard hota hai,Gynaecologist,New Suggestion
Periods mein bahut zyada bleeding hoti hai aur pet phoola rehta hai,Gynaecologist,Original
Periods miss ho gaye hain,Gynaecologist,New Suggestion
"Periods time par nahi aate, bohot irregular ho gaye hain.",Gynaecologist,Original
"Pet ke nichle hisse mein bhaari-pan lagta hai, periods ke bina bhi",Gynaecologist,Original
pet mai baby movement kam hai,Gynaecologist,Original
pregnancy mai problem ho rahi hai,Gynaecologist,Original
Saal bhar se try kar rahe hain lekin pregnancy nahi ho rahi,Gynaecologist,Original
White discharge bohot zyada ho raha hai aur sath me itching hai.,Gynaecologist,Original
White discharge ho raha hai,Gynaecologist,New Suggestion
Zanana doctor,Gynaecologist,Specialist Term
Achanak se chakkar aane lagte hain aur aankhon ke aage andhera chha jata hai.,Neurologist,Original
Bhookh nahi lagti aur chakkar aate hain sar dard ke saath.,Neurologist,Original
Brain specialist,Neurologist,Specialist Term
chakkar aa rahe hain,Neurologist,Original
Chehre ka ek taraf achanak tedha ho gaya hai,Neurologist,Original
Dimaag ka doctor,Neurologist,Specialist Term
Haath kaanpte hain jab kuch nahi kar rahe hote,Neurologist,Original
haath sunn ho jata hai,Neurologist,Original
Haath-pair me sunn-pan ya jhanjhanahat hoti hai.,Neurologist,Original
head bahut dukh raha hai,Neurologist,Original
Kamar se lekar pair tak jhanjhanahat aur dard jaata hai,Neurologist,Original
migraine ho raha hai,Neurologist,Original
Nason ka doctor,Neurologist,Specialist Term
Nervous system ka doctor,Neurologist,Specialist Term
Roshni bardaasht nahi hoti aur sar mein dard rehta hai.,Neurologist,Original
sar mai dard hai,Neurologist,Original
seizure aaya tha,Neurologist,Original
sir dard ho raha hai,Neurologist,Original
Sir ke ek side me bohot tez migraine ka dard hota hai.,Neurologist,Original
yaddasht kamzor ho gayi hai,Neurologist,Original
Aankh ke specialist,Ophthalmologist (Eye),Specialist Term
aankh mai dard hai,Ophthalmologist (Eye),Original
Aankh mein kirkiri jaisa mehsoos hota hai,Ophthalmologist (Eye),Original
Aankh se paani ya discharge aa raha hai.,Ophthalmologist (Eye),Original
aankh se pani aa raha hai,Ophthalmologist (Eye),Original
Aankhein ekdum lal ho gayi hain aur paani/kichad discharge aa raha hai.,Ophthalmologist (Eye),Original
Aankhein hamesha sookhi aur thaki hui lagti hain,Ophthalmologist (Eye),Original
Aankhein laal ho gayi hain aur bahut khujli hoti hai.,Ophthalmologist (Eye),Original
aankhein lal ho gayi hain,Ophthalmologist (Eye),Original
Aankhon ka doctor,Ophthalmologist (Eye),Specialist Term
Aankhon ke saamne makhi jaisi cheez tairti dikhti hai,Ophthalmologist (Eye),Original
Aankhon se blurry dikhai dene laga hai.,Ophthalmologist (Eye),Original
Computer screen dekhne par aankhon me bohot jalan aur dryness hoti hai.,Ophthalmologist (Eye),Original
dikhna kam ho gaya hai,Ophthalmologist (Eye),Original
Eye doctor,Ophthalmologist (Eye),Specialist Term
"Jaise dhundh ke peeche se dekh rahe hon, dheere dheere dikhna kam ho raha hai",Ophthalmologist (Eye),Original
najar kamzor ho gayi hai,Ophthalmologist (Eye),Original
Nazar ka doctor,Ophthalmologist (Eye),Specialist Term
Padhte waqt lines mix ho jaati hain,Ophthalmologist (Eye),Original
Raat mein gaadi chalate waqt dikhna mushkil hota hai,Ophthalmologist (Eye),Original
Side ki cheezein dikhna kam ho gaya hai,Ophthalmologist (Eye),Original
Bone doctor,Orthopaedic Surgeon (Bone),Specialist Term
Ek pair doosre se chhota lagta hai chalte waqt,Orthopaedic Surgeon (Bone),Original
Ghutno me chalte waqt ya stairs chadhne me bohot dard hota hai.,Orthopaedic Surgeon (Bone),Original
"Girne ki wajah se haath/pair me severe swelling hai, lagta hai fracture hai.",Orthopaedic Surgeon (Bone),Original
Haddi ka doctor,Orthopaedic Surgeon (Bone),Specialist Term
Haddi-jodo ka doctor,Orthopaedic Surgeon (Bone),Specialist Term
Jahan chot lagi hai wahan chhoone se dard hota hai.,Orthopaedic Surgeon (Bone),Original
"Jodo mein akadan hai, hilana mushkil hai.",Orthopaedic Surgeon (Bone),Original
"Jodo mein dard aur soojan hai, hila nahi pa raha.",Orthopaedic Surgeon (Bone),Original
Jodo mein soojan aur dard bhi hai.,Orthopaedic Surgeon (Bone),Original
"Kamar se pair tak zor ka dard jaata hai, jhukne mein dikkat hoti hai",Orthopaedic Surgeon (Bone),Original
"Kandha uthane mein bahut dard hota hai, movement kam ho gayi hai",Orthopaedic Surgeon (Bone),Original
Lower back me constant dard rehta hai jo pair tak jata hai.,Orthopaedic Surgeon (Bone),Original
Neel pad gaya hai aur chalne mein dikkat ho rahi hai.,Orthopaedic Surgeon (Bone),Original
Orthopedic specialist,Orthopaedic Surgeon (Bone),Specialist Term
Pair ke angoothe mein achanak zor ka dard aur soojan hui,Orthopaedic Surgeon (Bone),Original
Skin pe kaale-neele nishaan pad gaye hain.,Orthopaedic Surgeon (Bone),Original
Subah uthte hi jodo mein akadan lagti hai jo dheere theek hoti hai,Orthopaedic Surgeon (Bone),Original
Ungliyan sunn ho jaati hain kaam karte waqt,Orthopaedic Surgeon (Bone),Original
Weight uthane par kamar mein jhatka sa laga,Orthopaedic Surgeon (Bone),Original
ghutne mai dard hai,Orthopaedic Surgeon (Bone),Original
haath tut gaya hai,Orthopaedic Surgeon (Bone),Original
haddi mai dard hai,Orthopaedic Surgeon (Bone),Original
jodo mai dard hai,Orthopaedic Surgeon (Bone),Original
kamar dukh rahi hai,Orthopaedic Surgeon (Bone),Original
peeth mai dard hai,Orthopaedic Surgeon (Bone),Original
Gale me kharash hai aur kuch bhi swallow karne me dard hota hai.,ENT Specialist,Original
Kaan me constant dard hai ya sunai kam de raha hai.,ENT Specialist,Original
Subah uthte hi lagatar chinke aati hain aur naak band rehti hai.,ENT Specialist,Original
baby roti rehti hai,Paediatrician,Original
Bacche ka pet phool gaya hai,Paediatrician,New Suggestion
bacchi ko bukhar hai,Paediatrician,Original
Bacchon ka doctor,Paediatrician,Specialist Term
bache ko khansi hai,Paediatrician,Original
Bache ko ulti ho rahi hai,Paediatrician,New Suggestion
Bachha baar baar kaan khinchta hai,Paediatrician,Original
Bachha khelte khelte achanak thak jata hai,Paediatrician,Original
"Bachhe ka pet phoola hua lagta hai, gas jyada banti hai",Paediatrician,Original
Bachhe ka pet phoola rehta hai aur motion mein keede dikhte hain,Paediatrician,Original
Bachhe ke masuudo mein soojan hai aur lar zyada aati hai,Paediatrician,Original
Bachhe ke pure badan pe pani bhare daane nikal aaye hain,Paediatrician,Original
Bachhe ki twacha pe peela-pan hai,Paediatrician,Original
Bal chikitsak,Paediatrician,Specialist Term
Child specialist,Paediatrician,Specialist Term
Kids' doctor,Paediatrician,Specialist Term
newborn ko dast ho rahe hain,Paediatrician,Original
bahut tension rehti hai,Psychiatrist,Original
Bheed mein jaane se dar lagta hai,Psychiatrist,Original
Bina baat ke ghabrahat hoti hai aur dil baithne lagta hai.,Psychiatrist,Original
Cheez chhodna chahta hoon lekin baar baar craving hoti hai,Psychiatrist,Original
Chhoti chhoti baaton par bahut zyada react karta hoon,Psychiatrist,Original
Concentration nahi ho pa raha,Psychiatrist,New Suggestion
Counsellor,Psychiatrist,Specialist Term
Dil ghabrata hai bina wajah,Psychiatrist,New Suggestion
gussa bahut aata hai,Psychiatrist,Original
Kabhi bahut energetic mehsoos karta hoon kabhi bilkul low,Psychiatrist,Original
Kabhi kabhi lagta hai jaise sab kuch dream jaisa hai,Psychiatrist,Original
"Khud ko baar baar check karna padta hai, satisfaction nahi milta",Psychiatrist,Original
"Kisi bhi kaam me mann nahi lagta, har waqt udaasi aur akelepan ka ehsaas hota hai.",Psychiatrist,Original
Mann ka doctor,Psychiatrist,Specialist Term
mann udaas rehta hai,Psychiatrist,Original
Mental health doctor,Psychiatrist,Specialist Term
mood swings ho rahe hain,Psychiatrist,Original
Neend aane mein ghante lag jaate hain roz,Psychiatrist,Original
Panic attacks aate hain,Psychiatrist,New Suggestion
"Raat bhar neend nahi aati, dimaag me har waqt negative thoughts chalte hain.",Psychiatrist,Original
Asthma ki wajah se seene me jakadan mehsoos hoti hai.,Pulmonologist (Chest/Lungs),Original
Awaaz badal gayi hai aur saans lene mein takleef hoti hai.,Pulmonologist (Chest/Lungs),Original
Awaaz mein ghar-ghar jaisi awaaz aati hai saans lete waqt,Pulmonologist (Chest/Lungs),Original
Bahut zyada khansi aati hai aur balgam bhi nikalta hai.,Pulmonologist (Chest/Lungs),Original
Chest specialist,Pulmonologist (Chest/Lungs),Specialist Term
Cold weather mein seena jakad jata hai,Pulmonologist (Chest/Lungs),Original
Kaafi weeks se khansi hai jisme khoon bhi aata hai kabhi kabhi,Pulmonologist (Chest/Lungs),Original
Kafi hafton se continuous khansi hai jo theek nahi ho rahi.,Pulmonologist (Chest/Lungs),Original
Khansi badhti ja rahi hai aur gale mein soojan hai.,Pulmonologist (Chest/Lungs),Original
Lung specialist,Pulmonologist (Chest/Lungs),Specialist Term
Phephdo ka doctor,Pulmonologist (Chest/Lungs),Specialist Term
Raat ko lait kar saans lena mushkil hota hai,Pulmonologist (Chest/Lungs),Original
Saans lene mein takleef ho rahi hai,Pulmonologist (Chest/Lungs),New Suggestion
Saas lete waqt seene se seeti jaisi aawaz aati hai.,Pulmonologist (Chest/Lungs),Original
Seene mein dard hai aur sar bhi dukh raha hai.,Pulmonologist (Chest/Lungs),Original
"Sote waqt saans ruk jaati hai, subah thakaan lagti hai",Pulmonologist (Chest/Lungs),Original
Tez bukhar ke saath seene mein dard aur saans phoolna,Pulmonologist (Chest/Lungs),Original
Thodi si dhool se bhi khansi shuru ho jaati hai,Pulmonologist (Chest/Lungs),Original
Baar baar peshab aata hai,Urologist,New Suggestion
Baar baar peshab jaana padta hai aur pet ke niche dard hota hai.,Urologist,Original
Kidney ka doctor,Urologist,Specialist Term
Lower back ya side me severe dard hai (Kidney stone ka shak).,Urologist,Original
Peeth mein achanak zor ka dard uthta hai jo pet tak jata hai,Urologist,Original
Peshab ka doctor,Urologist,Specialist Term
Peshab karte waqt jalan hoti hai aur rang bhi ajeeb hai.,Urologist,Original
Peshab ki dhar kamzor ho gayi hai aur baar baar jaana padta hai,Urologist,Original
Peshab mein jalan ho rahi hai,Urologist,New Suggestion
Peshab mein khoon aa raha hai,Urologist,New Suggestion
Urinary specialist,Urologist,Specialist Term
"Urine ko hold karne me problem hoti hai, achanak se pressure banta hai.",Urologist,Original
Urine paas karte waqt bohot tez jalan ya dard hota hai.,Urologist,Original
bakri ko dast ho rahe hain,Veterinarian,Original
billi ko chot lag gayi hai,Veterinarian,Original
cat ko ulti ho rahi hai,Veterinarian,Original
cow bimar hai,Veterinarian,Original
dog ko bukhar hai,Veterinarian,Original
dog limping kar raha hai,Veterinarian,Original
Janwar ka doctor,Veterinarian,Specialist Term
kutta khana nahi kha raha,Veterinarian,Original
Pashu doctor,Veterinarian,Specialist Term
pet ka doctor chahiye,Veterinarian,Original
Pet ke badan pe baal jhad rahe hain aur skin laal hai,Veterinarian,Original
pet ke pair mai dard hai,Veterinarian,Original
pet ki tabiyat kharab hai,Veterinarian,Original
"Pet ne kuch khaya tha bahar se, ab ulti kar raha hai",Veterinarian,Original
Vet,Veterinarian,Specialist Term
